{
  "train_loss": [
    0.015740817381689944, 0.008649635935823123, 0.005656685850893458,
    0.004373579565435648, 0.004063214035704732, 0.003691027748088042,
    0.0031430731294676663, 0.0035779346129857005, 0.0034816556765387458,
    0.0027477605966851116, 0.0022637883899733423, 0.002418441247815887,
    0.0027051077301924425, 0.0021968039373556772, 0.002100440240853156
  ],
  "train_accuracy": [
    74.79166666666667, 88.95833333333333, 93.33333333333333, 96.45833333333333,
    96.25, 96.875, 97.08333333333333, 96.04166666666667, 95.41666666666667,
    97.29166666666667, 97.29166666666667, 97.91666666666667, 97.5,
    97.91666666666667, 98.33333333333333
  ],
  "val_loss": [
    0.008222861091295879, 0.004972310488422712, 0.005353232721487681,
    0.0036989417547980945, 0.0031110256910324096, 0.002650448866188526,
    0.002400198361525933, 0.0019379492849111557, 0.0024680428517361483,
    0.0016858009000619253, 0.0021537505090236664, 0.0015017014928162097,
    0.0012069369666278362, 0.0019658663930992287, 0.0015693176537752151
  ],
  "val_accuracy": [
    95.83333333333333, 96.66666666666667, 93.33333333333333, 96.66666666666667,
    97.5, 99.16666666666667, 99.16666666666667, 100.0, 97.5, 100.0,
    98.33333333333333, 100.0, 100.0, 98.33333333333333, 99.16666666666667
  ]
}
