{
  "train_loss": [
    0.014692548258850972, 0.009801487034807602, 0.009279122514029344,
    0.007799659327914318, 0.0071216639131307605, 0.006938704413672289,
    0.006991616962477565, 0.006697133478398124, 0.006793306985249122,
    0.006559928320348263, 0.007455018628388643, 0.006066392036154866,
    0.005233713456739982, 0.005546539758021633, 0.005943269833611945,
    0.005775519367307425, 0.00507274999593695, 0.005279991830078264,
    0.005178019536348681, 0.00536806732416153
  ],
  "train_accuracy": [
    78.125, 84.58333333333333, 83.54166666666667, 88.54166666666667,
    89.16666666666667, 89.79166666666667, 89.58333333333333, 90.625,
    88.95833333333333, 90.625, 88.33333333333333, 91.25, 94.16666666666667,
    91.45833333333333, 91.04166666666667, 92.29166666666667, 92.5, 93.125,
    92.70833333333333, 91.45833333333333
  ],
  "val_loss": [
    0.012034181257088978, 0.01053233842055003, 0.011142874012390773,
    0.007432356600960096, 0.006066736206412316, 0.0057142630219459535,
    0.005229984223842621, 0.005646420394380887, 0.00555895318587621,
    0.004941629059612751, 0.004380543654163679, 0.003834999787310759,
    0.005264324384431044, 0.003856327012181282, 0.00348922877262036,
    0.0035100812713305157, 0.0037365691736340524, 0.0033618952458103497,
    0.0032438539589444795, 0.0036102604120969773
  ],
  "val_accuracy": [
    79.16666666666667, 79.16666666666667, 79.16666666666667, 88.33333333333333,
    95.0, 94.16666666666667, 95.0, 93.33333333333333, 94.16666666666667,
    96.66666666666667, 97.5, 96.66666666666667, 91.66666666666667, 97.5, 97.5,
    97.5, 96.66666666666667, 97.5, 97.5, 95.0
  ]
}
