{
  "train_loss": [
    0.016019865653167167, 0.010367139304677645, 0.008668174346288046,
    0.008085058970997731, 0.007236937635267774, 0.00746379295984904,
    0.006780631126215061, 0.006269757364255686, 0.006205484783276915,
    0.006605283993606766, 0.006263659009709955, 0.0061595546702543896,
    0.006377463438548147, 0.005577783333137631, 0.004828290982792775
  ],
  "train_accuracy": [
    71.45833333333333, 84.375, 86.45833333333333, 87.5, 88.75,
    88.54166666666667, 89.58333333333333, 90.41666666666667, 89.79166666666667,
    90.625, 90.625, 91.45833333333333, 89.16666666666667, 91.25,
    94.16666666666667
  ],
  "val_loss": [
    0.011730187510450681, 0.00888980192442735, 0.007948473716775576,
    0.00708870142698288, 0.006583151345451673, 0.0058183743307987845,
    0.006313406427701314, 0.0052963414539893465, 0.005953978436688582,
    0.005155962829788526, 0.00474616630623738, 0.0044372996936241785,
    0.004537979948023955, 0.004185536379615466, 0.004155989487965902
  ],
  "val_accuracy": [
    82.5, 83.33333333333333, 86.66666666666667, 89.16666666666667,
    93.33333333333333, 94.16666666666667, 90.0, 96.66666666666667,
    93.33333333333333, 95.83333333333333, 95.83333333333333, 97.5,
    96.66666666666667, 96.66666666666667, 96.66666666666667
  ]
}
